BirminghamCityTwitterClub,#BCFC BIRMINGHAM CITY FC  in your profile & your in.To be added follow me #KRO #BCFCAwayDays #SOTV
SocialMediaSquad#GSBS2013,
Claudia on,Skalteando
favoritos,
Celebs,
sportsnews,Sports related
Uni of York [1],Past and present, the most authoritative collection of Twitter users from @UniofYork [1/2!]
singer,
York Politics Undergrads,A list of people using twitter who study Politics at the University of York
Student Tweets @ Uni of York,Students that tweets @ the Uni of York, UK
inspiration,friends/people who inspire me
flens,
Others,
RBJ,
GoogleWaveSg,
friends,
Cassia,
Brilliant Programmers,
list1,
Friends,
TV shows I will be on!,
singer,
schools I help go solar,school boards I will donate solar panels to.

list78,
Best Paypal Users 6,FOLLOW ME AND I WILL FOLLOW BACK .....
amigos,sÃ³ amigos
testlist,
2015æ–°å…¥ç”Ÿ,
ãƒˆãƒ¢ã‚³ãƒ¬,é¡ã¯å‹ã‚’å‘¼ã°ãªã„
Minha-Ã­dola,A melhor cantora do mundo â™¡â™¥
FFF,
So-os-famosos,
Dance,
ãƒ›ãƒ¼ãƒªãƒ¼ãƒ©ãƒ³ã‚¹å­¦åœ’,ã‚¤ãƒ«ãƒ¼ãƒŠæˆ¦è¨˜Wãƒ€ãƒ«ã‚«ãƒ³ã®å¤å‚å°‘æ•°ç²¾é‹­ã‚®ãƒ«ãƒ‰
ãƒãƒ‰éƒ¨å¥³å­è‰¦éšŠ,ãƒãƒ‰éƒ¨å¥³å­ã®TLã‚’ã•ã•ã£ã¨è¦‹ã‚Œã‚‹ã‚ˆã•ã•ã£ã¨
godfinger-kr,
Mine,
Sports,
Amigos,
rsi,
é«˜ã¾ã‚ŠãŠãƒ–ãƒ©ã‚¶ãƒ¼ã‚º,ã‚ŠãŠã‚ŠãŠãƒ•ã‚¡ãƒ³ã®é›†ã„
Gelar mulyawan,Suprafit
ã‚ŠãŠã‚ŠãŠ,
æŸŠæœ¨ã‚ŠãŠ,
æŸŠæœ¨ã‚ŠãŠ,
amigos,
Sonho,
adicionar amigos,Deixa a vida mim levar.
Brasil,Todo pessoal do Brasil :)
Claudinha e Luan,
Cantores,
Banana,
Footie,Footie Related Links/Sites with a focus on Manchester United Football Club
Singer tops,
press conference,
Deportes,
The Beat,Musicians, muses, bands, + bards.
Ha,Funny, witty, silly, sly comics + content.
FUTURE DIGITAL ,ALL SOFTWARE ,HARDWARE.THAT COULD BE USE TO START UP FUTURE #OWNSELF
Music,
Mocidade,
tous genre 13,
Celeberties,
PESSOAS,
Music,My favorite bands
Claudia-leite,
Jesus,Amor
Carlinhospank,Tamu junto sempre ;]
Viagem pela AmazÃ´nia,Objetiva receber doaÃ§Ãµes de obras artÃ­sticas e literÃ¡rias para fomentar educaÃ§Ã£o.
Singers,Some famous singers
Moguls,
Artists / Arts,
Drake,King of south 
Neemia,
Hip-Hop/Rap,
Ano-novo-amigos-novos,
Claudia,
Influence @aaronpaul_8,Users who influence @aaronpaul_8 on Twitter - Create yours at http://whoinfluenc.es
No money no friend,
Close-acquaintance,
Bb,
PeerReach-Music-Top250,Most influential in Music given by PeerReach http://peerreach.com/lists/music
Preferidos,
Vaniaa,
Soccer,
Music Industry,
FÃ£,
Connections,Best Music Being Posted And Updates
Aston Villa,
listas dos famosos 1,a lista tem que ter 1000 famosos na lista ok
Music,
Aniters,
RMC2014,Participants in @iamdiddy and @RevoltTV's Revolt Music Conference #RMC2014
Soccer,
br_1,http://www.1001portails.com
Favoritos,
A&R,Talent
TV-Film,All about TV.
GUITAR WORLD,
Amigos,
Buddys,Online Friends
Producers,All about the Music and Films
Great Networkers ,Top Social Media Members that love connecting with each other to start something new.
Pessoas,
Idolos,
EquipeCL,
Meu-anjos,
Top Career Builders,Everyone that enjoys investing and taking time to catapult startups.
My friends,
Revolt Music Conf,
Thais,
Favs,
RMC2014,RMC 2014 attendees
Mebegokre,
minhas musicas,Deus -me ama
Friends' Names Via D,
Boasssss,
MÃºsica,
Claudia-leite,
Twiiters,
celebridadesetv,Tudo sobre o mundo das celebridades, artistas e cantores, novelas, programas de TV e lazer
Entmnt -Music ,Artists, Musicians, Producers etc
Intl -Brazil,Brazilian News, Politics, Biz
Sergio-malheiros,
Amores,
Music Feed,
Music BR,Musicos, Bandas e Artistas Brasileiros
Diva,*-*
Bola,
Uloko obekpa john,@uobekpa
Tru mc,Mic#check
MUSIC: R&BğŸ’¿HIP-HOPğŸ§RAP,Old School & Contemporary 
Master ğŸ’—,
MÃºsica,
The URXTour,https://twitter.com/PutinRF_Eng
Os--top,
Marvel Entertainment,https://twitter.com/Marvel
Clau-my-life,Eu te amo minha vida!!!
The Bailey Agency,http://t.co/4aQLUvnbF8
Meu-amor,Claudiva
Faz-me-ri,
The Bailey Agency,http://t.co/4aQLUvnbF8
The Bailey Agency,http://t.co/4aQLUvnbF8
NoteAbility,Enter at your own risk!Anyone can play the baby,baby grand piano in NoteAbility and that's the point
Celebridade,
Forbes Fourtune 400 Games,https://twitter.com/TechnicianTech
Amigos,
Ãdolos,Pessoas que amo 
Forbes Fourtune 400 Games,https://twitter.com/TechnicianTech
Sam_alves,SAM ALVES !! 
Meu Ã­dolo <3 <3
Amigos,
Marvel Entertainment,https://twitter.com/Marvel
The URXTour #Russia ,https://twitter.com/PutinRF_Eng
The URXTour #Russia ,https://twitter.com/PutinRF_Eng
The URXTour #Russia ,https://twitter.com/PutinRF_Eng
Amigos,Amizades
Segue-o-som,Cantores, cantoras e bandas da hr!
Artistas,
Social Media,All Things Random
Seguidores,
Hip-Hop,My Hip-Hop World
YOU DECIDE Rap Beats ,I will ask "Who is better in this song?" YOU DECIDE!
Amores,
Fulla Dope*,Yo wassup this is the Group/List of Fulla Dope So contact me my number is 515 824 7898
PRESS,
media and entertainment,
Claudia leitte,Chat
Football,News, Live scores and all...
Top,
Ola,OlÃ¡
artistas-musica,
ARTISTAS,VZL
Grupos-da-Claudia-leitte,Claudia leitte e mc Gui mc naldo Benny
Sw,
Amigos,
Black History Month,There was Black History Month before someone told you. We Celebrate Year Round. Welcome to â™«BH1.
Musica,
Periodistas,RelaciÃ³n con medios
rone,amor
INFO / CULTURE / GEEK,ActualitÃ© natio&inter, culture gÃ©nÃ©rale, lifestyle, arts/loisirs, buzz, univers geek
soccer,soccer / football
Meus Brasileiros,
Soccer,
Celebrities,
Random Celebs,Confirmed
Artist,Artist world
Hollywood,
Celebs,
Rappers,
fans list,fave rates
Amigos,Amigos
Sports,
Music,Mainly musicians and music related
Amores,
Brasil,About Brasil
Premier League,
Shakira,Shakira
Chatt,
Lista-da-laisla,
Music,
Migos,Legal
Claudia-leite,
mariby sanchez,
mariby sanchez,
Music,
Twitter Favorites,Favorite music tweets!
Bellas,
Matthew Viana,The Official Twitter Profile
Wellington-ipaussu,
Mashup-Debut-July-14th,
popular,
hollywood,actor,actress
Amigos,
Vai-Brasil,
pessoas,amigos
Celebrity List,This is a list of Celebrities' accounts. Subscribe 2 this list for Celebrities' tweets at one place.
Mix/AMP Artists,
Sport,
Sexy Celebrities,We came for the tweets and stayed for the pics. 
MÃºsica - Cantores - Shows,Assuntos relacionados Ã  mÃºsica do Brasil e Mundial
actors,
Boys,
VonageLoves Entertainment,Twitter List Curate by @spiderQube
Amizades,aizades
CHE--VITA--E--LA--MIA,MERAVIGLIOSA
Lista/InformaciÃ³n. ,
Health,Fitness, MMA, NutriciÃ³n
Premier-League-Clubs,ãƒ—ãƒ¬ãƒŸã‚¢ãƒªãƒ¼ã‚°
2015å¹´7æœˆ16æ—¥ä½œæˆ
Famous People,In Music.
Amigas-pracenpre,
Artists,
Hip hop ,Music 
Famous-tweeple,Famous tweeple
Famosos,
Celebrities,
Awesome,
diddy,
Juliana,U.u

Amigos,
Jhonathan,
thaissa,
HUAWEI,FANTASTICA
Lola,Amigos
ACTORESYCANTANTES, FAVORITOS
music,all my fav. bands
Top Model/Star Straniere,
favourite and video,video
Amigoos,
Favoritos,
Lindos,Lindos
Entrepreneur/Inspire ,People i need to watch more 
AUnfollow,
Normal people,People to talk to if they want to talk
Douglas_mykids,
Music,
Amigos,
Mamasitas,
parceria,vdd 
Leticia,
bbys,
Music,
Luana-Aguiar,
Music,
Favoritos,
lipe,123





MyList,
Celebrities,Celebrities
famosos,
Music,
R,
Best,
Musicscene,
hermosas mujeres,
LegiÃ³n Mexica,In support of the restoration of the #LAAztecs in the NASL. Restaurando a Aztecas de Los Ãngeles.
Beautiful,
Music,
Celebrities,
List3,
Amigos,
Famous People,Actors. Models. Singers. TV Personalities. Writers.
Music,
Famosos, #WelcomeToTwitter
Sexy Girls,
Istar,
Celebridades Latinas,Personajes reconocidos en Latinoamerica
Soccer,
Musicians - Female,
Medios-de-comunicasion,Deportes, noticias, clima, musica.
Celeb,
TL.,Love and peaceğŸ‘ŒğŸ‘Œ
Music & Radio,Relacionado con la mÃºsica y la radio
Perfeitoa,
Musica,Lo relacionado con la mÃºsica
Los leo.,...
FarÃ¡ndula.,asdf
Music ,All Music Talk & Videos Here
Music ,
Celebs,Football commentating celebs
Actores-y-Actrices,
FamInt,Copad@s de por ahÃ­:3
twittercf,
Ceremonia #Mundial2014,MirÃ¡ lo que dicen en sus cuentas oficiales, los cantantes oficiales de la ceremonia 
World,
Musica,La q une a los pueblos. La q rompe la barrera del idioma y la q te lleva a la luna.
Musicolocos,Loc@s por los universos de los ritmos y las melodÃ­as
ARTISTAS ,
Music,Musicians I Love
Music,
Vip,
Technology,tech stuff
noticias,somente noticias
Girl ticks,The girls with a tick
Amor,
linda,toops!
ArtÃ­stas 2014,Um dos melhores artÃ­stas da mÃºsica brasileira. AxÃ©
Amigos,
Rr,
Copa 2014,
Crisduran,
People Ive faved,
Meus,
Artist,
Vict,
Amo,
Mike Brown's Timeline,These are the folks #MikeBrown followed. @LoveRHateMe_'s TL memorialized. 
Musicos e bandas,
Celebs,
Bmb-ministry,
Dri,VocÃª Ã© o Melhor pra Mim @lua_blanco
my list,
twibes-mobile,Visit http://twibes.com/mobile/twitter-list to join the top mobile Twitter people.
Hood Stars,
Artistas/Artist,Lista de todos los artistas a los que apoyamos, si no encuentras a tu artista favorito hazlo saber.
gatas-poderosas,
Celebridades,
Todos,
Favorito,
Arts-for-Earth,
FÃ©-em-deus,
Singers,Musicians, singers
cl,aaaah
Bolhas-da-claudia-leitte,Ser fÃ£
 Da canttora maia petfeita da face terrester   claudia leitte


MEDIA,OS GRANDES FAMOSOS DA MÃDIA UNIVERSAL 
lucas,todos
Bih,
Upper Life Style Looks,Beautiful Inside, HardWork 12-15 hour days, reduce sin/fightsğŸ’…Visit Hair BeauticianğŸ’‹ News, Studyâ¤U
Influential Tech People,People who make stuff happen in and to the technology industry.
Artistas,
Rafa,
singers,
Wellington,Wrllington
Tech and IT,Influencers in technology and IT.
Naj,Found you
Vip,
Social Network,A list of the accounts (music artists) you can follow on Twitter
TeamMusic,
loooooooooool,#oqvcfariasefosseesposadoharrystyles?
ONE DIRECTION# MY LIFE,LOVELOVELOVELOVE ONE DIRECTION
Luar,
Sivaldoo,
twibes-mobile,Visit http://twibes.com/mobile/twitter-list to join the top mobile Twitter people.
Kelly,Lagos
WMW,
Established Entrepreneurs,Entrepreneurs who are established & have a "Global" brand these guys are making all the ğŸ’°
MROcookedMaiStadiumedLei,Hermionesaiddas.MuccRspecialed2yaDolledLeonardMao
List1@HeadNews,@etteyay-HeadNews-#1
Amigos,So de amigos
A,
Amigos,
Raperz,
So gente famosa,Famosos e adoraveis
Celebs,
Favorite Artists,My Favorite Artists
Leitte,Eu amo a Claudia
Amigas,tem que ser amiga do MENINAO!
amigos,
Love life,Stop listening to haters
amigos,
Eu-gostaria-de-Roberto-ca,
MÃºsica ,Meus sons favoritos!
Famosos,
MUSICBX,
Famosos-oficiais,
Lia-s2,Girl
Celebs,
Linda,So os top
Favoridos,
Cantores (A) Que Curto,
Artistas,
Justin and Claudia â™¥ ,Loved Justin an Claudia â™¥ 
Mi Gente,
Instagram Hack followers,Check my profile for more details
Entertainers,Positive Sports figures & Entertainers 
Music,Rappers, Singers, Producers, DJs, ...
Musically-inclined,
MUSIC ,Only music stuff
London-Aiden,Can anyone help London become a kid model
beats folks,for selling beat
Music,
My-Favs,
Lonell Abington,Female
HipHop,
Celebrity,
No follow back,The mix
Artists,
Ttt,
Music,
Kemily,
Drikinha,Deus Ã© Fiel!
thamyrez,tudo de bom
Adelmosantos157,Adelmo
Amigos,
Diva,
Clauda--leite,
ana paula ,
Witcet,Band
Lista-nova,Uhuuu

Euvinaband,
Amigas,CompaÃ±ero
Eliane,Mesagem
Os-melhores,
jamsessions,
A,B
Jjejenk,
Leo,
Showbiz,
Lindas,Amigas lindas
alpha,
Favoritos,...
Celebrities,
Terryputri,
amigos,
Famosos,
Amigos,Cristianos

Bruno,
Move Over Rachel Ray,www.marykay.com/moreorless -  http://m.myregistry.com/ViewVisitors/GiftList.aspx?uid=603879  
Amigos,Famosos
Cants,Amor
Amigos,
Musicos,
RESPECT,
Ã‰ Tudo Tois,
As-mais-gatas,
Twiteer-miguel,
conversas,que legal 
Youth Football,
Entertainment,
Black Musicians,Musical People  
lista-1,
Celebrities,
FUTEBOL,Tudo o que envolva Futebol
DP3,DP3
CLARO,
Idolos,
Ovo,
Gui-su-su,
thaya,hdysetugygrf
Celebrity,
Fa-de-futebol-clube,Amor ao futebol 

music,
celebrities,
Pessoas,Pessoa
paula fenadens,paulafenardesteamo
FOTO,
Music,Music makers
Celebrity Favorites,
Looh-s2,
FÃ£,
Nossa,
sÃ³ para amigos,amigos
sÃ³ para amigos,amigos
famous,
tamires,
amigos,
EPL,
Amigos,
music,
Jogos,Weverton
Ki,
personalidades,
Claudia-q-amoo-d-mais,Te amoo
Pessoas,
Hfhvgbn,Dgygfvh
Camila,Fernanda
Pablo,
Odair,
Im-a-Dj-Guilherme,Show 
HYTUY,YTRGYR
Mundo de la MÃºsica,Seguimiento de Personalidades al instante
FAMILIA HERNANDEZ ROMAN,CANSADA DE ESPERAR QUE ALGUIEN SIN COMPACION TIENDA LA MANO AL NESECITADO
à¸”à¸µà¹€à¸ˆ,à¹€à¸à¸¥à¸‡à¸®à¸´à¸•
famosos,
fÃ£s,
Established,
Claudia,
LALALA,
BLOGGER INFLUENCERS,My list of #BLOGGER Influencers on Twitter.
Amigos,
Amigos,
FÃ£s-meus,Somente quem eu amo
ENTREPRENEUR INFLUENCERS,List of #ENTREPRENEUR Influencers on Twitter.
Rst,
MIKAELSON,
patepapo,conprida
leidipapo,se conheser
Television,
Luis-carlos,
ADÃ‰PTOOS AO AMOR,
eduarda,minha lista
mc manu,
Vidinha,Meu amor
CDs,Casting Directors I wish to connect with.
lu,amigos do twitter

Claudia,
Amigos-famoso,
Medios,Cuentas de medios de comunicaciÃ³n
Amizade Ã© tudo,me segue e sigo de volta.
Momentos,Â´Â´ Quem espera sempre alcanÃ§aÂ´Â´
The Voice Brasil,um dos melhores do Reality Shows.
Cantores-Artistas,Mundo sempre estÃ¡ ligado em vocÃªs.
Idolos,Pessoas
MÃºsica,Atistas
Music,
Music,
Artista,
Chelsea News,Noticias y actualizaciones del Chelsea
Famosos-e-famosas,So os famosos e famosas o que eu acho sobre eles 
Nane,Amigos
peterson,malco
MÃºsica,
amigos,
Amigos,
Melhor do mundo,
Minha-rainha,Minha rainha
Twetes-favoritos,
Meus-favoritos,Demais
Rap/Hip Hop,
Bands & Singers, DJs,
Duda-Leivas,
Celebs,C name.
hippity hop,
Movie Stars & Celebrites,
gabi,te amo
TiagoMazotto176,
VMAs,VMAs! 
Celebrities/HS,
Assuntos diversos,Para o pÃºblico de um modo geral.
News,
MyFavoriteFuckingRappers,
Instagram,
Meus-melhores,
Meus Amigos,Para todos meus amigos e seguidores .
Renato Duarte,
Kanye or Diddy? ,Read the tweet and guess who tweeted it- Kanye or Diddy. 
rosas,
mc,
Clm,
Futbol solo Futbol,Esports - Deportes
Sky sports,Football
Bollywood,
celebridades,todos que estÃ£o na mÃ­dia das celebridades
ASSUNTOS POP,
MainStream,I May Or May Not Be Following You! But If You're Here, I See You... This Is My Main Twitter Stream!
Futbol/Soccer,
Inspirational People,
Love,
Engineers & Producers,Hottest Producers & Engineers in The Game
Ela sempre Ã© perfeita,Ela sempre faz perfeito ao cantar e danÃ§ar ,arrasa em qualquer lugar,,,,amo

Ela sempre Ã© perfeita,Ela sempre faz perfeito ao cantar e danÃ§ar ,arrasa em qualquer lugar,,,,amo

Ela sempre Ã© perfeita,Ela sempre faz perfeito ao cantar e danÃ§ar ,arrasa em qualquer lugar,,,,amo

Ela sempre Ã© perfeita,Ela sempre faz perfeito ao cantar e danÃ§ar ,arrasa em qualquer lugar,,,,amo

wanessa sempre,,,tudo Ã© maravilhoso  quando fazemos o que gostamos,tipo ouvir wanessa camargo
Marquinhos,O persistente
Lista-linda,
Entertainment,Games and other entertainment peeps.
amigos,
Jose chameleone list,Music music entertainment 
Linlin,Linda
O,
Music Business,Networking
Dayane,
Amigos,
Favoritos,Luan santana
william,
Soccer-Leagues,This list is only for soccer leagues.
Ad Industry,
Amor,A melhor pessoa da minha vida
Amigos,
Gatas,
streets,
A-Hollywood-Singer,
Jozy,
Musicians & Artists,People whose music I love
aimone_santos@hotmail.com,
Football News & Rumours,
Eternidade,Meeeus amooores <3
amigos,
amigos,
amigos,
dc menorzinha,paratodos
Mes meilleur star,
Dasmusicas,Melhor e mais completo site tudo em um da internet( em construÃ§Ã£o e ja funcionando)
Perfis Pessoais,
kamila,litras de amigos do twitter

Seja-bem-vindo,
FRIENDS,FRIENDSHIP
The Voice Brasil,
Pessoais,Listadas as pessoas que conheÃ§o pessoalmente.
jibril,huklgffh
My Core,
Gabriel,Fank
Day,
Music,
Celebrities,Celebridades
ARTISTAS,
Football,Arsenal news
Musas da MÃ­dia,
amigos,legais

Luis,
MIDIÃTICO-SENSORIAL-SPEED,RANKING DE MARKETING: (EMBLEMÃTICOS POSITIVOS E NEGATIVOS) DESAFIOS DA COMUNICAÃ‡ÃƒO QUE ENSINA
Music,
amigos,amizade Ã© tudoo ainda mais quando Ã© vdd :) !!!
â“”â“â“¡ â“’â“â“â““â“¨,
Artistas,VocÃª trabalha com artesanato? inscreva-se.
BrazilianStuff,Brazilian Tweets
tantos itens complete ai,dizer nÃ£o Ã  tudo que estÃ¡ sendo feito errado no  Brasil e mundo ! nem cabe aqui lista aÃ­
Domingodagente,
CL,
Kaio,
Jk,
G. Es,
mariana lima,
ÑˆĞ°Ñ…Ğ¸Ğ´,
sergiosouzanevis,
MMA,Jjj
camilinha,camilunha
Music,
Entertainment,MUSIC
Idolos,
Ğ¢ÑƒÑ€Ğ½Ğ¸Ñ€Ñ‹,
Thalisss,



Executives,
Cesinha,
UTA,
Flor,
Ban-ban,
Celebridades,
anny,sou morena tenho 16 ano 
Vip,
junior ,estou tc com minha lov
Dante Palmer,
ØµÙ‚Ø«Ø¨Ø«Ø¨,Ø«Ø«Ø¨Ø«
Music Industry List,
Gagal,
Celebrities ,
The Social Radio,Curated by @TheSocialRadio to listen to your tweets on http://www.thesocialradio.com
Tuiter,Marcelo
Tuiter,
Os-tops,

gracinha,tweets
ricalde ,canto
#Latinos2016,
Celebs,
booba,
Lay123,
Famous in the world,
Os-melhores,As pessoas q mais gosto 
grazi ama o michel telÃ³,
Mariii,
amigos ou nao,amigo ou nao
Hay,
fotos,
Minha-diva,
god-asnom,
Celebrity Musicians,Subscribe to this list - A list artists
ãƒã‚§ã‚³ã‚¹ãƒ«ãƒ™ã‚­ãƒ¤ã€‚,ãƒã‚§ãƒƒã‚¯ã™ã‚‹ã¹ãã ã€‚
Walk Like madd,The Life Saved Could Be your OWN https://www.facebook.com/mary.pineiro.3/posts/10204221264593084
claudia leitte,
M.,
Amigos,Legais
Famosos,
SOTS music peeps,
E,
Claudia-nery,
Promis,
Social Entrepreneurs,
amoo claudiaaaa,eu tanho fÃ© em deus que vou ver claudia 
amoo claudiaaaa,eu tanho fÃ© em deus que vou ver claudia 
Celebrities,
Indian Film Industry,All things and people in the Indian Film Industry
Twitters,Celebs
Wallace,
Divas,Amooooo .. 
Karabo,Lyk lil wayne
Public Relations,
â¤ Hip-Hop Music,Tweeple All About Hip-Hop & Music
friend"s,Saiba mais sobre guias e atalhos de guias, Aceleradores e NavegaÃ§Ã£o InPrivate  Acelerador PadrÃ£o  
todos juntos,
Tweet Peeps,
Music,
queila_fofa,
queila_fofa,
queila_fofa,
queila_fofa,ola
ğŸ¥Celebrities & Athletes ,
vicvaldez,legalzissima
Cbn,Amigo
Tinovgt,
The_Voice,
Eu,
adoro a claudinha,
Jose-carlos,
Entertainers,TV, Film, & Radio entertainers

amigos,
debora,
Network2,
Yn production,
lucas,especial
lcs7,claudinha
fÃ£,
Lista-top,
Favoritos,
Celebs,
Dr. Dunny Major Contacts ,This is a direct list to contact all of the important people in the music industry.
conhecidos,oooooooo
MÃºsica,
Best Friends 4 Ever,
Jani,
Artists,
PeerReach-Film-Top250,Most influential in Film given by PeerReach http://peerreach.com/lists/film
Favoritos,
Amigos,
Musicians ,Artist of any genre
Danca,BalÃ©, danÃ§a, sapateado, ...
Musica,Compositores, mÃºsicos, conjuntos, musicÃ³logos, apreciadores...
TV,TelevisÃ£o: programas, canais, empresas...
Cruzeiro,O melhor clube brasileiro do sÃ©culo XX, e o 7Âº do mundo!
Omid,
Fernando,
Amigos,Amizade
Musica,Lista com diversos cantores do Brasil e do mundo :)
AnÃºncios Primeiro Google ,AnÃºncios Primeiro Lugar No Google /  grafinite.com
AnÃºncios Primeiro Google ,AnÃºncios Primeiro Lugar No Google /  grafinite.com
AnÃºncios Primeiro Google ,AnÃºncios Primeiro Lugar No Google /  grafinite.com
AnÃºncios Primeiro Google ,AnÃºncios Primeiro Lugar No Google /  grafinite.com
AnÃºncios Primeiro Google,AnÃºncios Primeiro Lugar No Google /  grafinite.com
AnÃºncios Primeiro Google ,AnÃºncios Primeiro Lugar No Google /  grafinite.com 
AnÃºncios Primeiro Google ,AnÃºncios Primeiro Lugar No Google /  grafinite.com 
AnÃºncios Primeiro Google ,AnÃºncios Primeiro Lugar No Google /  grafinite.com
AnÃºncios Primeiro Google ,AnÃºncios Primeiro Lugar No Google /  grafinite.com
AnÃºncios Primeiro Google ,AnÃºncios Primeiro Lugar No Google /  grafinite.com
Garotas de Piracicaba,Garotas de Programa Piracicaba, http://garotasdeprogramas.net/garotas-de-programa-piracicaba-sp 
AnÃºncios Primeiro Google ,AnÃºncios Primeiro Lugar No Google /  grafinite.com
Garotas de MacapÃ¡,Garotas de Programa MacapÃ¡, http://garotasdeprogramas.net/garotas-de-programa-macapa-ap 
Garotas de Aracaju SE,Garotas de Programa Aracaju, http://garotasdeprogramas.net/garotas-de-programa-aracaju-se 
Garotas de Palmas ,Garotas de Programa Palmas TO, http://garotasdeprogramas.net/garotas-de-programa-palmas-to   
Garotas de Programa POA,Garotas de Programa Porto Alegre, http://garotasdeprogramas.net/garotas-de-programa-porto-alegre-rs 
Garotas de Programa Natal,Garotas de Programa Natal, http://garotasdeprogramas.net/garotas-de-programa-natal-rn 
Garotas de Programa RJ,Garotas de Programa RJ, http://garotasdeprogramas.net/garotas-de-programa-rio-de-janeiro-rj 
Garotas de Programa em SP,Garotas de Programa SP, http://garotasdeprogramas.net/garotas-de-programa-sao-paulo-sp
Garotas de Programa SP,Garotas de Programa SÃ£o Paulo SP, http://garotasdeprogramas.net/  
Cindymaama,
USHH,US el nombres
Fashion,
kevin gonzaguez,eu sou mais eu 
nick,gosto de conversar bastanteeee
asas,asasa
Hip Hop,Hip Hop
Celebrities,
Everyday,
Journalists,
Rich Famous & Verified,
Leadership,
Weight Loss Tips for 2013,Weight Loss Tips for 2013
Meus PrÃªmios Nick 2013,Os Twitters dos Indicados
bela,eu amo animais e aves e nÃ£o me inporto com que as passoas dissem
Celebrity,
AMIGO,
joao lucas,
Other,
Anna & Duke FOREVER!,All tweets from my favourite soap actors & friends who luv them just as much as I do!! 
Musicians,
remove,
Amigos,
Julialinda,
Lista,
Music,
Music,
Favoritos,Os melhores do meu Twitter
Amigao,
MEUS AMIGOS,AMIGOS 
Amigos-brazil,
twe,what?
amigos,so amigos
Musas,
Mack-Boy,
Football,
Jesse,
oi amigar,com vc esta 
Football,
verified,
melqui e os famosos,sÃ³ os famosos
Sports,
Big-companies,
Iphone,Video games
Favoritos,
Preferido,
Brother,
Trendsetters & Wealth,Trendsetters and the Wealthy Elite on Twitter.
reychel,quiero a violetta
Awesome Sites/ People,
Trendsetters & Wealth,Trendsetters and the Wealthy Elite on Twitter.
Verified-Music,Verifief Official Music / Musicians / Bands.
Music-Producers,Music producers I support.
Amigos-intimos-que-eu-bem,
Top 50 MILF/Cougars,
Music,
music,
NÃ³s Amamos!,
Sports,
Sounds ğŸ‘‚ğŸ‘,â¤ï¸ğŸ§ â–¶ï¸ âª ğŸ”
lista da ana,gosto
SÃ“ MEU AMIGOS DEFERENTES,AMIGOS LEGAL
Artistas,
Globalclubbing-Area,Deejays, Producer, Festivals, Clubs
Music,â™« â™ª â™ª â™«
Communications,
aninha lista,coraÃ§ao caveira seta amor vida love
shows e mÃºsicas boas ...,
list7,
HipHop,
Music Stars,
Amo,Amo demais
kamily,
favoritos,amigos parentes e artisias
Jornalismo e ComunicaÃ§Ã£o,Media
God,
rogr_,yyy
Meus-Amigos,
Galera,
Claudia-Leite,
Tarzan,
Amigos,
lavinia,lavinia
amigos,www
ARTISTAS,
MÃºsica,
netinho e erica,netinho eu amo ele
Creativity,
Favoritos, â™¥
amiggos ',
Music,
Margareth-Guimaraes,lista gratis











Important Following,

Pensando,
Famosas Bonitas,
Hip hop survives,The report of hip hop's death was an exaggeration...
lista2,
paloma,oi
pasta da jaqueline,jaqueline

Artistas ,
Maravilhas,
Famosos,
Famosos, Artistas e TV,Galera da MÃ­dia
Claudia-Cristina-Leite,ClaudiaLeitte
DOÄA,
Peter Savary,Listed people
Pop Icons,
Sports,
loviess,
Hot-Models,
Fandom-Official-Twitters,Official sites for my fandom xx 
Philanthropy ,
Liverpool FC,
SoMe/MK/Journ./Biz/Tech,Twitter users who talk tech & business: social media, SEO, mobile, location, and other tech topics.
TOP10 - @canalfiesta,Esta lista cambia de miembros cada semana segÃºn los movimientos del TOP50 de @canalfiesta 
Marketing Smarts Guests,People who have been featured on the @MarketingProfs #MarketingSmarts podcast.
Bazaarvoice-Summit-2014,
Philanthropists,
soccer,ã‚µãƒƒã‚«ãƒ¼é–¢é€£
ModelsAndCelebeauties,
æ´‹ãƒ‰ãƒ©ãƒ,
Advertising & Agency Life,Ever-evolving list agencies: new media, social media, marketing, pr, etc
Entertainment,
MUSICA,LA MEJOR MUSICA
News-Sport,
Friends,
Storytellers,Storytellers, exported from @tacticscloud on April 3rd, 2014
Sport and News,
Soccer,
BPL,
Miscellanous,Includes music, movies and other entertainment stuffs
Industry Professionals,
Sport,Soka
Even More Random,Some have different topics I'm interested in. It doesn't mean that I know the actual topic/subject.
Random People,Those who joined in Twitter bombs and/or crazy topics that I love. ^_^
Maroon5,
Cantantes,Los cantantes que me gustan
Probono,
ANGLIA,
celeb,
Mujeres desnudas,Todas la uciario
Manolo,
Sport News,
Caminan,A este paso me quedo sin Gatillazo y me termino pegando un tiro como autocastigo.
band,
éŸ³æ¥½,
Premier League,
Liverpool FC,
VIP,UsuÃ¡rios que acrescentam algo mais aos acontecimentos. E tem novas informaÃ§Ãµes.
novias,
Biido tata,
jente espesial,jente + corta k ls patas d tiriom
Sports-Football-Zone-UK,
Kaka,
Football,
Soccer ,
farandula,
Sports,
Football,
Bands,Favorites 
Xx,
Medios,
Music,
premiere,
Rcn,Noticias oros copo mÃºsica partidos
ã‚µãƒƒã‚«ãƒ¼,
Medios y Periodistas,
Football,
Football,
Mi_gente_querida,Bien_vacana_no_wuiiri_wuiri
Soccer,Soccer
exibeat-artist,#artist #exibeat #exibeatartist
Leagues accounts,Lge official 
Mis-Ã­dolos,
Sports,
BPL,
mine,
Stuff,
Gov and causes 2,
Jjk,
Football,
M,
Popular-music,
BBYS!,
Bollywood,
MUSIC,
Darling,Hola
merilee,
Premier League,Football
Paulina,
Paulina Rubio,Musica
Noticias,
Football,
Nuevos,1
Produced_by,Producer of America conference 
Amigos,Amigos
WomanIlove,WomanIlove
Musica,Cantantes
Musica,
ãµãã‚“,
Artis,Artisartis
Artistas,Los de moda
News,
Check da noize,
Tweets,
ã¸ã¦ã„,
Shahid-_-kapoor,My best actor ; I love shahid penson more than shahid actor :) 
Your eyes can give me the hope .
MUZ!K,...makes me H!GH
goals,
Famosos,
Musique,Actu artistes (Chanteurs, groupes, etc)
Inspro@#,hey' this list was created to explore inspirational and motivating thoughts.!
Mercato,
Spyce-Gyrls,ğŸ˜Those who know how to spice-it-up and make me tingle with desire.ğŸ˜˜
MÃºsica-MX,Grupos, fans, etc.
Latin--Salsa-Music,
Akiode habdullahy,Olamide
rock & pop,
Sport,
Myo,Lindas 
Sepakbola,
Women Influencers,
Influencers Caninas,
Noticias,
CANTANTES,LISTA CREADA PARA TODOS LOS CANTANTES
Clubs,
Sport,
Celebs,
Famous,
Paulina rubio,
Thalia,Linda
Arsenal News,
@alan,Guapo 
Sport News,
Soccer,
music,
amigos,
futbol,futbolistas y club
News,
tunesmiths,Musicians I Admire
FuÃŸball news,
Sports,
Maroon5,
Japan Chelsea Fan Club,æ—¥æœ¬ãƒã‚§ãƒ«ã‚·ãƒ¼ãƒ•ã‚¡ãƒ³ã‚¯ãƒ©ãƒ–
since 2015/6/30ï½

Musicians & Music Lovers,People associated with the music industry
angol foci,
ã‚µãƒƒã‚«ãƒ¼TL,
Sports,Transfer news and match updates
Football-News,
MÃºsica,
Notic-y-period-nac-int,
Hj,Fg
Lalo,
sports,
Mis preferidos,Acontecimientos
éŸ³ä¹,
Music,
ROCK,
Mis Estrellas,
FÃºtbol,
Art and Culture,
Paulinarubio,Dalia rondÃ³n
Arsenal,
Roxy list,Shahid kapoor
English Football,
soccer,
English Football,
Sport,
Sport,List of sporting bodies and/or sportsmen and women
England official,
Football1,
All_but_E,
Most Influential in Tech,People who make stuff happen in and to the technology industry.
people-i-need-to-meet,Interesting people I haven't met in real life yet â€“ or haven't seen in a long time.
Nuevo Periodismo,
Liliana gomes de freites,
AuTechHeads,
Musica,
Bearded Men,What can I say, I love beards! And these are the men I follow that sport 'em. (DM if I forgot you!)
Thought Leaders,Heavyweights on Twitter
Los Nuevos Amigos,
Rafa2,Amigos
Tech Influencer,
Pay attention,Actual friends - physical and virtual, and those I want to listen to.
Musica,
Mobile,
following-list,(As of 4-10-15)
Artistas,
tech,
twibes-australia,Visit http://twibes.com/australia/twitter-list to join the top australia Twitter people.
Sydney,
TwitterTools,All sorts of Twitter tools and Twidgets to help you tweet like a Sparrow, Canary, Bluebird...
M5,
Cantantes,Artistas internacionales 
Best-of-music,
Influencers,

Influencers,
Unidos,Jente unida
Mia,
Helvetica,
Allan xd,Los mejores son los que me siguen
amigos en comun,Amigos
tecnologia,
LAS MEJORES PERSONA SON,GRACIAS A USTEDES E LLEGADO A SER LO QUE SOY :D
Musica-del-Recuerdo,
Tech Opinions,
Paulina-rubio,
AMIGOS,AMIGOS
Apple,
Tech Influencers,Influencers: Who you should aspire to be! 
Worth Following ppl: 101,
Music,
æ˜æ˜Ÿ,
Paulina,Ya
Popular Power Users, (generated using http://SocialBro.com)
mobile,
apple,employees, analysts, alumnis, app makers
People Ive faved,
Advice Young Journalists,This list was curated using @oneQubeMe Spider
Nexus,
Luci,Hay alguien q t quiere desir  q t amÃ³
mobile,
ğŸ”¥ğŸ’™ğŸ”¥ğŸ’™,
Research,Primarily tech research
Influential in Tech,
tech,Tech related
FriendsBusiness,
ã‚¢ãƒ¼ãƒ†ã‚£ã‚¹ãƒˆ,
Internet,
All about Coffee,
Mobile,Leading (hopefully) applications & services for mobile devices
tvmoviesbooks,any news relating to TV, movies and books
Amigos,
Famosos,
Crushes and Media ğŸ˜ğŸ’»,Celebrities, Youtubers, loads more!
m u s i c,
Future of Journalism,
Australia Friends,
cantantes,
Javi,
Valedores,Comunes
desechados,
original140,
Tech Influencers,
Thought Leaders,
Equipos-chidos,
VIP,
Shakira,
Tech Influencer,The individuals, companies or other influencers in the tech industry
comps,
EliteTechPress,Good friends who blog/write about tech for leading publications
Idols,
AdriÃ¡n,
Stocks and Markets,
Tech,
local,geographically Australian-ish
Five-seconds-of-summer,Oh yeah baby
Food for Thought,A list of though leaders.
Technology Info Resources,
Bands,This is a list of Bands I Like.
Fabio.com,
Maroon 5,Always a hit!!!
karely,
Favorites List,My most favorites
lml,
BANDSâ˜†â™ª,^ ^ ^ ^  ^
|| || || || ||
All about This :)
                       
â™¬artistasâ™¬,Y letras de musicas
Other Stuff,
Gente interesante,
News,
Online Influencers,
Network,People I pitch.
Smile for Peace,Get the free iOS App Give a Smile to establish more peace in the world
Blogger,blogs and blogger, about digitization, media, publishing
Bands/Artist ,
Baby,You cant find the thing like that
artista info ,
Top,Top of
åäººæ˜æ˜Ÿ,
maroon-5,â˜ºğŸ˜Šâ¤ğŸ’
My favourit stars,
L-Apple 2014,Fuentes que difunden informaciÃ³n sobre el lanzamiento del iPhone 6 y otras novedades de Apple. 
Top In Tech,
Keynote,
Amigos,Mejores amigos
Friebds,
musicworld,I'm Not Exist without Music!
Bands,
BANDAroon,artists/singers/band abroad
f-Most-Favorite,
b-Music,
ã‚µãƒƒã‚«ãƒ¼,
soccer,all about soccer
Leandroismael,Elmenordesacatao@hotmail.com
Synyomfa Zimele Dlomo.,
Artistas,Mas fino
Sports,
Football,
Tech News Tweeps,This is an experimental list, do not subscribe.
VIP,
Musica&Cantantes,
Noticias,
Nizick,
Sports,
Tech Bloggers,
Fc-arsenal,
Public,Public
Journalists,A non-exhaustive list of some notable journalists. Students new to Twitter should follow this.
æµ·å¤–ãƒ‰ãƒ©ãƒ,å¤§å¥½ããªæµ·å¤–å¥³å„ªã•ã‚“
People Ive faved,
medialist,Media and News Industry news
Esporte,
The-Journalist,
America Latina,
BPL,
Ø§Ù„Ø¯ÙˆØ±ÙŠ Ø§Ù„Ø§Ù†Ù‚Ù„ÙŠØ²ÙŠ,
Up to 11,Music, Music, Music
love,
Latinas,
Curios,
People-music,
Mariely,
Soccer,
tech,
Ismael riera,Ismael riera 
Entertainment,Comics, Film, Humor, Music, Pop Culture, Game etc. Entertainment based field
Tech Journos,
Pop-music,
Artista,Lista de artistas ecuatorianos y del extrangero
my hony,
Music,
fpl,
Campionati,
LoversğŸ‰,
Kasio-Art,
England football,
Series,
ã…ã…‡ bf, ã„´ã……ã„¹
Film Conference 2015,
PaulinaRubio,
Otros,Otros
Mwambazi,Elijah
Sports,
Philanthropy,
Personajes,
Love,
Football,
Maroon5,Adam<3
James<3
PJ<3
Mickey<3
Jesse<3
Matt<3
farandula,
news,
Push,
Premierleague,
Music,
Daghewardmills,
social media,
ÃDOL@S!,
music,
Mi idolos.,Xq me gustan
Liverpool FC,
ep 11 s 14,Guests for @chattyman on @channel4 - on telly Friday 27 May 2015
public relations,
It's called Football...,
journalism,
Stay-tune,
Art Influencers Q05,people who appear to enjoy art and help promote great artists
Lista-lalala,De amigos
Sentimiento,Sentimiento
Peeps,Peeps I like
Famous People!!,
Greatest Artist,
SXsports 2015,
Soccer,Soccer News and Updates. 
sports,
Schauspieler & Filmmacher,
Karla-paola-Villa-contrer,Hola mi nombre es Karla paola Villa contreras
Preferiti,
Orlando sanchez,
Favorite Artists,
Bands,: ) 
Favoritads,
Wattatops_Favorites,I want to read and read their tweets.
techies,
Elsa,Ermosa
SchÃ¶nheit,
Media,
Celbs,
News,News sources I follow.
Futbol,
Paulina rubio,
Art Influencers Q03,people who appear to enjoy art and help promote great artists
DEPORTES,DEPORTES
Todo Noticias,
EPL,
Sports,
CANNES,Festival de Cannes 
Fantasy football,
spurs,
Kevin m,Tu love
Famous Entertainers, (generated using http://SocialBro.com)
musicians,
Musicians,
FÃºtbol-ingles,
Famosos,Famosos que me gustan un poquitÃ­n
Mariela,
Lista de usuarios,
Celeb,1230 2014
Actrices,Oh actores xD
Ğ›ÑĞ±Ğ¸Ğ¼Ñ‹Ğµ,
Sport,Sve o sportu
å…¬å¼ã•ã‚“,
MÃºsica,
Kabar Berita,
Art: Music,If you are work in Music field, we can be next partners. ;)
ç‰¹åˆ«,
Cannes2015 - Ã‰gÃ©ries LOP,
Najsigt,
country,singers etc
SDTV, May 2, 2015,
âš½ï¸,
Soccer,
sports matters,Football
Football News,Everything Football from my main sources
Soccer,
IOT influencers,Top of #IOT influencers
conversationlist,A dynamic list rebuilt daily of the people you are talking to and about.
Interesting authors,
InternetofThings,
Inspiring,Organisations and people who think and do amazing things 
IoT Influencers,
IOT,
UK Design,The design community in the UK on Twitter
UX,Usability and user experience tweets
Border Session The Hague,
TOP 1000 UX IN LDN,Users experience designers rock. (generated using http://SocialBro.com)
Sociotech,
Cantantes,Bonito
IoT,
IoT,Internet of Things
Coder,
Internet of Things,
design,an iterative work in progress
Interactivity,Interaction design, digital arts, IoT, Wearables et all
NotÃ­cies Esports,
Tech/Hack/Code,
Cust-Exp,
Favorite Musicians,CHECH THEM OUT
Data,The good people who work with data. 
#data #bigdata #datajournalism #growthhackers #wrangers
Amigos,
User Experience,
UX Tactics,UX is the new boring
iot-influencers,People and Companies with Valued IoT Insight
SHAKIRA,
DiseÃ±o, (generated using http://SocialBro.com)
IoT,Personas, empresas y organizaciones de valor en el ecosistema de internet de las cosas 
Special,
IoT/M2M - Experts,
IoT Thought Leaders,Top 50 IoT Thought Leaders on Twitter, based on Onalytica's April 2014 list: http://bit.ly/1hY1ODQ
IoT,IoT: security, M2M, nano, Smart*; id, SIM, USIM, TSM; NGN, Future Internet, NFC; devices, WSN; apps
Internet of Things,Content related to the Internet of Things
IOT_R&D&I,
IoT_SAE_SolutionSpaces,Individuals & Companies using IoT & DMA for bettering the planet, culture & individuals
IoT Cambridge speakers,People who have spoken at the Internet of Things Cambridge meet up group
http://bit.ly/1p2DhT3
UX,
Grupos musicales,
UX in London,A list of top UX people based in London
Design bloggers - London,Design bloggers - London, exported from @tacticscloud on March 17th, 2014
Ways of knowing,Conversations, inspiration and tips related to design ethnography, user research and anthropology. 
UX / UI Designers,Those passionate absolute user centric design. 
Digital Designers & Devs,Design, code, think & more code! 
UX/Research,
Design London,
Internet of Things,Internet of Things, M2M, Connected Car, House, Dog etc
Calcio/Premier League,
IoT industry,

Thingmonk-2013-speakers,
IoT,Internet of things
Product and UX,
IoT,
Football: Premier League,Twitter Accounts for English Premier League football clubs
Soccer,
Yo amo a tigres,
Women In Tech,
Prominent Women In Tech,Prominent Women In Technology
IoT - All ,
Beto,Noticia
Experts,
uxlx13,Speakers and awesome people I meet at UXLx.
UXLx 2013 Speakers,All the Speakers from UXLx 2013
UX,
TH_NK Tank,Demystifying Technology 
#TH_NKtank
UX'ers,
UX London 2013,Speakers and attendees from UX London 2013
UX, Usability & IA,Tweets from the best User Experience, Usability, Information Architect, UCD peeps in the industry.
IA/UX,
UX,All things User Experience
Internet-of-Things-v2,
Speaker @ UX London 2013,http://2013.uxlondon.com/
UX,people twitting about US, design
Elbia,
Top CX Accounts,Best Twitter Accounts about CX, CEM, VoC and Service Design
#ServiceDesign Theory,
UX,
UX,
Design,A list of designers and design-related Twitter accounts.
Digital,
Bln,
Specialists,Code, SEO, etc
Tech,Good tech sources, with a focus on UX and mobile.
UX, Agile and Lean,
Mis Cantantes,Ãdolos de la MÃºsica
UX / IxD,following people who's single goal in life is to create great user experiences
london,
userexperience,
Creativity,
seriousface,Tech, Media, Online and Publishing
IoT-list2,
IoT,
Lbi London tweets  peeps,
ux,
women roar,in tech, journalism, media, politics
Front End,
Artists,
UX-UI-Service Design ,Design thinkers.UX / UI / Usability
ExperienceResearch&Design,Design research. Experience, Interaction, Service Design.
Juanito-uraga,Cruzito
Information Architecture,IA, IxD, UX, Content strategy stuffs and whatever.
es,
Xavi alonso,
amigos,
Football,
Arsenal,
MUSIC,
ĞœÑƒĞ·Ñ‹ĞºĞ°,
æŸŠæœ¨ã‚ŠãŠ,
Hiiragi--Rio,é–¢ä¿‚
æŸŠæœ¨ã‚ŠãŠé–¢ä¿‚,
c o o l p e o p l e,
English Football,
Music Stars,
EPL1516,
Watford FC,
man utd tweet,just for united related
sports,Athletes & teams worth following!
Music,
Music,
My favstar.fm list,My favorite tweeters, curated with help from http://favstar.fm
WebExecutives' Best TOOLS,WebExecutives' list of the best web TOOLS
MUSIC â–· Band,favorite bands and musicians
Music,
Music,
Young, cute, happy,
A-man-idol,ğŸ˜˜ğŸ˜˜
My Fav Twitter Peeps,
Tweets,
My Fave EDM Peeps,
futbol,
ã‚ã„ã†ãˆãŠ,
Bands,
Ahmeduteno,
notable,
Bekende-artiesten,
ãƒ—ãƒ¬ãƒŸã‚¢ãƒªãƒ¼ã‚°é–¢ä¿‚,
stl-urbanists,
stl-devs,
Paparazzi,Various Tweeting celebrities I follow, only for the guilty pleasure
STL,
Our-followers,
talks-to-3-guys,
Coworkers Past & Present,People I've worked with over the years.  Some as coworkers, some as partners
St. Louis Digital,People and Things in St. Louis related to Digital Marketing
St. Louis Monitor,
Company executives,List of management executives at companies in St. Louis
friends,
fav singers ğŸ¶,can I marry your voice please.
Infuz,
social2,Holding the list of Media/Social until Twitter unborks things
STL,
STL_Peeps,All people I've met in St. Louis 
LOVE-forever,
People Met IRL,These are people either I knew before twitter in real life, or met from twitter irl.
met-irl,
infuz,
mktg/socialmedia,
STL,
Tech Media,
Top People,
St. Louis Tech,St. Louis software developers, user groups, conferences, and geeks
Family,
amigos,Southside's finest
Maroon5,
Infuz,Employees of Infuz 
MY MUSIC,
Everyone,Everything media
social,Social media (Twitter, Facebook, Linked-In, bloggers, etc.)
Bahtiar,Mempererat silahturrahmi
Celebrities,
Marketing,List of advertising and marketing companies in St. Louis, MO
Everyone,All business related tweets
bands bands bands,
Tech,Programmers, developers, technology reporters and bloggers from St. Louis
STL Locals,People known to live/care about St. Louis.
ALoves,Magcon
tech-press,
Digital Media,Our neighbors at digital-media.alltop.com... (and others once I get around to it)
Lo mejor ğŸ’œ,
Maroon 5,
St. Louis Missouri,St. Louis, MO People, Places, Sports & Stuff
FRIENDS,
Maroon-5,
stlouis,any and everything that is St. Louis 
Dev,Development team
Executive,The executive team
STL,
stl,
StLouis10,
Techify,I'm a tech geek, so are these guys...much love.
Design Resources,A list of top notch design resources that provide tools, freebies, and articles.
Entertain : INTER,INTER IDOLs
STL locals,I live here, so do they...it's meant to be.
Greenbaypackers ,
Wilz's,
Just Cool People,These people rock in general, in one way or another
Music/Arts,
Marketing,
stl,
St. Louis Tweeters,
STL Agencies,STL based agency twitter accounts.
People I Know,
Infuz,Infuz team members who made this all possible.
ãƒãƒ³ãƒ‰,
Music,All Single Music Artists
Curators,Our St. Louis experts
Info / Official Account,
IMPORMASI,Berita 
G,F
news,news
Detik,
Wrestling,
News,
News,
Artist ,
Music,Music is Soul
news update,
super fun,super fun
Berita Online,
M5,
Djoko edhi list,All frieds
in_st.louis,located or from St Louis MO
Detik.Com,daftar
Berita,
Media,
Music,
BEST,
Wejangan,
Tech,
Oz Northerners,
Famosos,
Sports,
People-I-have-met,
DEPORTE-TOTAL,Todo sobre fÃºtbol y otros deportes 
FAVES,I LOVE THEM ALL
People I have met,
Football,
Internet,People/things that I associate strictly with the internet
Music,
Sepikbola-mostly Juve,
sydney,
australia,
Farandula,
VIP-ROCKERS,People that I crazy love
Amigos,
The voice,
Oâ™ª,
sydney,
Amigos,
ultras,
æ­ç¾è—äºº,
Deleon,
Inglaterra,Equipos ingleses
music,
Entmnt -Music (Pop),
Intl -Mexico,Mexico news, etc
Tv,
Amigos,
Fav,My lovesğŸ’–
Nerds,
designers,
Paulina rubio,
ØµÙˆÙˆÙˆÙˆØ±,
techdesign,
Like it,
Soccer,
earlybirds,Folks I've been following since 2006/2007. Recreates the "feel" my Twitter timeline had back then.
SeguroSeguidor_LB,Lista Blanca para la aplicaciÃ³n #SeguroSeguidor.
varios,
Fav,
Mis amigos,Mis amigos
Amigas mias,Amigas 
Adam lovers,Fans of Adam Levine
amigos favoritos,
companies,
Zulema luz,Morena
Contactos, Telivision
Arts and Music,
ligas,ligas de todo el mundo
actors,
Music,
Football,Balls and stuff 
MUSIC,
Hommies,
Maroon 5,
Maroon5,
fab babies ğŸ’—,
Seguidores,Seguidores famosos
music,
Seguidores,Seguidores los felicito x estar aquÃ­ grax
BOYS,
Dani,
Famous,
K,
favoritosssss,
Maroon-5,
Favorito,
å…³æ³¨,
Meus Famosos,
AMIGOS&AMIGAS,personas + importantes
Musica,
Smile,DJ Mike Candys in zuisa
Amigos d corazÃ³n,
Things i'm in2,
Amigos,Mujet
Football,
tormetas â˜,Son geniales muaâ™¥
Fantasy Premier League,
artistas,
FAMOSOS,Â¿QuÃ© dicen los famosos?
Bola,List Update segala tentang bola
CTM-GLOBAL,
Otros,
Otros,
M123_,
Amigotes,
Silver Spears F.C,Footballer
Lamusiquera,Fansmusica
Magdaleno,Hi Johanna 
Stars,Actor
Ooooo-e-top,
music!,
Amigos,Personas nuevas
MÃºsica,
music,
Mis nuevos contacto,
Cristo t ama,Cristo t ama
Artistes,Artistes
Danna,Danna
Favoirtos,Estrellas 
Personalidades,Grandes inspiradores
Nino,Nini
l...l....like,
Pequenita,
A,
we are the world,write how u would change the world then try to achieve that goal..............................
Sport,
follows,
Celebs,
Amigos,Amigos
Maroon 5 âœ‹,Zie Band ğŸ‘Š
Fg,Ey
ğŸ’˜,
Paulina rubio,
Music is Life,
VIP,Entertainers 
Sport,
Football,
Football Essentials,All essential football accounts
Sports,
Soccer,
Jinga,
wiz sylar,
Amigos,â€â€‹
La mejor,
programas,
NOTICIEROS,NOTICIAS MX

Animadores,
Mis-artistas,
Sport,
Premier,Equipos Ingleses
Singers,
seconds-of-summer,luke michael calum y ashton
Deporte,
myfollowers,
â˜†artistâ˜†,ãƒ¢ãƒ‡ãƒ«
ãƒ‹ã‚³å‹• etc


Entertainment,
Fimos,
Amigos,X 
Preferidos,Artistas
Orig,Real account
Famosos,A seguir
Concerts-In-Seattle-summe,People concerts i want to go to this summer. Jus need about 8,000 dollars ! 
Mis contactos,Amigos
Jeison,
PRACTICA 2,MAS EJEMPLOS
Normal,Amigos
feed,
Amigos de farandula,Mario
Football,
Mi numero es ,Este es mi numero para, kien kiera mandar mensajes o llamadas 3521330644
Annia valeria garsia ,soy fabulosa yo... eeeeeeeeeeeeeeee
Sely,Sely
BandsbandsbandsğŸ˜,
Mi lista,
Mis panas,
Paulina rubio,
Cannes2015 - Actors,
Premier League,
Sobre mÃºsica,
Wealth Culture,Celebrity culture and wealth. 
Amigos,
Football news,
Grupos Musicales,MÃºsica
Ola,Ns
Paulina rubio,Eres perfecta
Cantantes y Grupos,
æœ‰åäººï½¤å£°å„ªã•ã‚“,æœ‰åäººã‚„å£°å„ªãªã©
Informativos,
Music,if I can't dance, I don't want to be in your revolution
Premier League,
Noticias,
ppl eye follow,my tweetdeck is better than yours, i could teach you, but imma have to charge.
Carolina cruz,Famosos
Dulce maria,
MUFC,
negocios,agencias
Celebs and Dirt,
Sports,
The Arts,
La kika,
sport,
Pop espaÃ±ol/latino,
Maroon 5,
MÃºsica,Artistas seguidos por la radio.
Soccer,
Maroon 5,All things Maroon 5 and Adam Levine
Cast and Crew,These guys make the magic happpen!
Mis amigos,
LOVE,
MUSIC,
Music,
Instagram,
activits,
I feel love for us.,You make me smile everyday.
Music,
LovEva,
MAROON5,
Artistas,
Latino Entertainment,US/Latin America: Sabado Gigante, NBL, Todo Incluido, Deportes, Actriz, Actores, Cantantes, Modelos
Thx for changing me ğŸ’«,
jake,? XD
Fav-Idols,
CANTANTES,
Cyrielle,Young girl and boy
Musicians,
Top,Los mero mero en MX
my fav.,also r my fav.cel.!!!!!!!!!!!
PROSPECTOS,DIVERTIDOS 

Liked Artist / Singer,
Celebs,All the stars on Twitter
Teman,
Spor,Spor
ãƒ„ã‚¤ãƒƒã‚¿ãƒ¼,
Ideas,
TelevisiÃ³n,Varios
musicians,
Famosos,
My-idols,I have many idols, I love you, simply want to hug
Favoritos,
Mis amigos,
Sky sport,ALl abt football
Yareeli Ortiz,
I-like-them,
Friends,My Twitter Friends
Sports,
Indian-welcome-group,
Musica-en-espaÃ±ol,
Sweetheart,â™¡â™¡â™¡â™¡â™¡
Moises,Los mejores
PeerReach-Music-mx-Top250,Most influential in Music given by PeerReach http://peerreach.com/lists/music/mx
Music,
æ›²,æ›²è‰¯ã™ãã‚£!
Varios,
jessica,Nose que explicar adios
Love,
football,
Maroon 5,
Queridos,
WORLD SPORTS & FOOTBALL,kevinashburner.wordpress.com (ALL SPORTS and WORLD FOOTBALL)
Upacity,Division of companies
Music,A selection of my favs
Andrea gpe,
qw'    [â™¥],
Keeping-up-with-my-faves,my favourites are everything
Football,
Deportes,
Luxe brands,
Celebs,
Artistas,Artistas Mexicanos
é¢,é¢
Jos Andrs Lovers,
Artistas,
Nishu,Nishu
The Helpless,All of my darling musicians that desperately need to be inspired
Pedo,JAJAJAJSJAJAJA ADIOS
Celebrities ,
Premier League,
Mi-lista-de-amigos,
Music,Music and radio
fave,
Favorite artists,
Celebrities,
WBA,The best accounts posting about WBA.
Faves,
EPL Watch 3,The best accounts posting about EPL Teams.
Famosos,
ARTITA SOS,
CELEBRIDADES MEXICANAS,
Erwin Eagle,You can access "ET, News, Music and Sports etc to me," thank.
AlgÃºn dÃ­a me seguiran,Mis Ã­dolos o mis novias secretas â¤ï¸
Idols,
ØµØ­Ù Ø§Ù†Ø¬Ù„ØªØ±Ø§,
ğŸŒœ my AngelsğŸŒ›,The only people that matter
Shahid-love-shakshi,
Music,
Rojas,Renato 
ğŸ¼ Music ğŸ¶,
Cantantes,Amigos/as
Lista,Lista
Tv,Friends in Tv
í•´ì™¸ íŒì†¡1  pop song1,
Famosos,
Entertainment - Music,
Music,
IrvingIrvandians,
Cantantes,
Music,Some of my faves
GroserÃ­as a la mÃºsica,
Amigos,
Music,
famosos,artistas y famosos

love,love is life
Principal,
Noticias ,
fans #1,artistas canciones etc.
LCFC,
Julio-cesar,Amigos :3
Musicians,
Entertainment,
Music,
PersonasIntern,Personalidades Internacionales
Music,
Pantalla Gigante ğŸ¥,Grandes PelÃ­culas Cine de y para Todos los Tiempos
Pro Planet Earth ğŸŒ,People guardians & Comunicators of the feeling of our planet: The earth
Favs,
Con Sentido del Humor ğŸ­,Personajes con gracia
Frecuencia EmpÃ¡tica ,Personas que nos encontramos en la 5ta esencia de la vida
Belleza 100 por ciento,Mujeres hermosas, inteligentes y de buen corazÃ³n 
Barcos,Los primos
Chelsea FC Column,A Column which is very important to know the information about Chelsea
puras-amigas,
Jerilud,
All-My-Love,
Groups,
Great music,
Allan Paulo Valencia ,All of my Favorite Youtube Singers :D
Follow1100,
Music,
Famosos,Cantantes
paurubio,
Noticias ,
Famosos-Celebritys,
Tachnique's fan base,Hip hop music
favğŸŒŸ,
US,
Noticias,
Music Artists/Groups,All of my favorite artists/groups: From Indie to Pop! From folk to singer/songwriters.
Lokos,Puro padelante
Cants,
Football,
æ­ç¾,
tho ğŸ’•,
mis contactos,
Le foot de FranÃ§ois,
Aaron-kwok,
Edison-chen,
Sportbusiness UK/USA,
Las-mas-hermosas,
star,
famos@s,
musical groups,
Music, Film, & Art,
Music,
Populares,
Music,
Amigos,
Amigos-ja,
Mis amigos,Hacer amigos para pasarla bien un rato jeje
Important-updates,
Popzilla,Music is my drug get that straight 
News,
Entertainment,
Famosos,
mocitas,
Noticias Internacionales,
My-timeline,People's tweets who I actually wanna see oh 
Friends,
Josias,
Favorites Artists,This list will include my favorites artists

Amigos,
Mexico - Comedian/Arts,
Chismes,Casados
Music,
MÃºsica,
â™¡,
Music and Theatre,
Conciertos en Barcelona,
Medical Associations,
Portia lindy,
Cantantes,
Music,
Idols,
News,
damn,
Social,
ğŸ”¥,
Verified-Account-003,Verified-Account-003
QUOTES,
Good Stuff,
Bantz,
Facts,
w,
Facts,
World Peace,
Luis Gerardo.com,Severino
Favorite People,Follow
updates,
Re-Tweet Worthy,Funnies, etc. 
Football,Ø±ÙŠØ§Ø¶Ù‡
Facts,
Noticias,
companies that send spam,List of companies that send unsolicited emails when specifically requested that they dont
Football News,
Pop Culture,
Arts,
news/interest/science,
News,
Universal college-MD,
Fav,
Football,
IN,
Famosos,
Premier League,
Misc others,
Digital Smarties,A list of the top best businesses &people with at least 500,000 followers on Twitter
Fun Facts,
Facts,Factssssd
Artistas,
#medconsult&care,sanatate la patrat!
squared health!
News,
Tech,
Facts,
General,AKA Regular people that I find interesting.
Peculiar-Fun-Facts,A lil bit of interesting, wondrous, funny, amazing, curious or just plain stupid things I like!
Fun & Facts,
Crazy-facts,
Fun Facts,
Interesting-facts,
quotes,
